position,variant,train_n,test_n,mae,rmse,r2
Attacker,training_mean,522,131,5.7889649322921235,7.353849348426125,-0.023367928023553475
Attacker,performance_only,522,131,3.4271016120910645,4.289464935155857,0.6518161296844482
Attacker,fifa_augmented,522,131,1.6893147230148315,2.2089287896755896,0.9076651334762573
Midfielder,training_mean,951,238,5.290348947149838,6.379901744484137,-7.493368592292882e-09
Midfielder,performance_only,951,238,3.7277274131774902,4.734579251859522,0.4492748975753784
Midfielder,fifa_augmented,951,238,1.5443179607391357,1.9830365811127262,0.9033874273300171
Defender,training_mean,859,215,5.053853859273899,6.231808114725392,-2.4433804045376206e-05
Defender,performance_only,859,215,3.571525812149048,4.786453108703396,0.410057008266449
Defender,fifa_augmented,859,215,1.4818928241729736,1.9362569328366228,0.9034597873687744
Goalkeeper,training_mean,223,56,5.5306694426649585,6.951515959049624,-0.038597010974485535
Goalkeeper,performance_only,223,56,5.376169681549072,6.796512708106642,0.007203459739685059
Goalkeeper,fifa_augmented,223,56,0.6617478132247925,0.8362541312099987,0.9849697947502136
